nom_variete;code_variete_ecoicopv1;code_sous_classe_ecoicopv2
Fromage fondu - Non classés ailleurs;01.1.4.5.5.9999;01.1.4.5
Aliments pour bébés - Non classés ailleurs;01.1.9.3.1.9999;01.1.9.2
Fromage à pâte pressée - Non classés ailleurs;01.1.4.5.3.9999;01.1.4.5
Fromage de chèvre - Non classés ailleurs;01.1.4.5.4.9999;01.1.4.5
Son;01.1.1.2.1.0006;01.1.1.1
Serviette pour adultes;12.1.3.2.5.0032;06.1.3.3
Bresaola;01.1.2.7.4.0009;01.1.2.3
Feutres de coloriage;09.5.4.9.1.0026;09.7.4.0
Poulet - Non classés ailleurs;01.1.2.4.1.9999;01.1.2.2
Chocolat en tablettes - Non classés ailleurs;01.1.8.3.1.9999;01.1.8.5
Huile d'olive - Non classés ailleurs;01.1.5.3.1.9999;01.1.5.1
Autres huiles alimentaires - Non classés ailleurs;01.1.5.4.1.9999;01.1.5.1
Fruits surgelés - Non classés ailleurs;01.1.6.2.1.9999;01.1.6.6
Jambon - Non classés ailleurs;01.1.2.7.1.9999;01.1.2.3
Saucisson - Non classés ailleurs;01.1.2.7.2.9999;01.1.2.5
Saucisse - Non classés ailleurs;01.1.2.7.3.9999;01.1.2.5
Lubrifiants - Non classés ailleurs;07.2.2.4.1.9999;07.2.2.4
Cornichon en bocal;01.1.9.1.1.0029;01.1.9.3
Chips - Non classés ailleurs;01.1.7.5.1.9999;01.1.7.9
Olives;01.1.9.1.1.0030;01.1.9.3
Sucre - Non classés ailleurs;01.1.8.1.1.9999;01.1.8.1
Confitures, compotes et miel - Non classés ailleurs;01.1.8.2.1.9999;01.1.8.3
Lait maternisé 1er âge;01.1.9.3.1.0002;01.1.9.2
Cordon bleu de volaille frais;01.1.2.8.3.0017;01.1.9.1
Oeufs de plein air;01.1.4.7.1.0001;01.1.4.8
Copies doubles perforées;09.5.4.1.1.0001;09.7.4.0
Plat cuisiné base pâtes rayon frais;01.1.2.8.3.0019;01.1.9.1
Pâtisserie de conservation - Non classés ailleurs;01.1.1.4.6.9999;01.1.1.3
Chair, pulpe de tomates appertisée;01.1.7.3.1.0040;01.1.7.9
Betterave cuite sous vide;01.1.7.3.2.0024;01.1.9.1
Surligneur;09.5.4.9.1.0015;09.7.4.0
Crêpes/galettes surgelées;01.1.1.5.1.0003;01.1.9.1
Produits diététiques - Non classés ailleurs;01.1.9.9.1.9999;01.1.9.9
Tartinable de poisson au rayon frais;01.1.3.6.2.0002;01.1.9.1
Lait maternisé 2ème âge;01.1.9.3.1.0003;01.1.9.2
Croque de volaille frais;01.1.2.8.3.0018;01.1.9.1
Bâtonnet de surimi;01.1.3.6.1.0013;01.1.3.3
Feuilles mobiles perforées;09.5.4.1.1.0002;09.7.4.0
Entrée de la mer au rayon frais;01.1.3.6.1.0014;01.1.3.3
Pomme de terre cuite sous vide;01.1.7.4.2.0006;01.1.7.9
Pain traditionnel;01.1.1.3.1.0002;01.1.1.3
Stylo roller;09.5.4.9.1.0013;09.7.4.0
Poissons et fruits de mer en conserve - Non classés ailleurs;01.1.3.6.1.9999;01.1.3.3
Stylo-bille;09.5.4.9.1.0022;09.7.4.0
Sauces et condiments - Non classés ailleurs;01.1.9.1.1.9999;01.1.9.3
Concentré de tomates appertisé;01.1.7.3.1.0041;01.1.7.9
Lait de coco pour sauce;01.1.9.1.1.0008;01.1.9.3
Vins de consommation courante - Non classés ailleurs;02.1.2.1.1.9999;02.1.2.1
Sauce Salade ou vinaigrette;01.1.9.1.1.0011;01.1.9.3
Blini;01.1.1.4.6.0001;01.1.1.3
Légumes secs et en conserve - Non classés ailleurs;01.1.7.3.1.9999;01.1.7.6
Gros sel;01.1.9.2.1.0002;01.1.9.3
Bières à basse fermentation - Non classés ailleurs;02.1.3.1.1.9999;02.1.3.0
Saint Jacques surgelée;01.1.3.4.1.0003;01.1.3.4
Calmar, encornet surgelé;01.1.3.4.1.0005;01.1.3.4
Autres produits à base de céréales n.c.a. - Non classés ailleurs;01.1.1.8.1.9999;01.1.1.9
Articles de soins corporels non électriques - Non classés ailleurs;12.1.3.1.1.9999;13.1.2.0
Confiseries à base de chocolat - Non classés ailleurs;01.1.8.3.2.9999;01.1.8.5
Café dosette compatible Nespresso;01.2.1.1.1.0001;01.2.2.0
Tartes sucrées au rayon frais;01.1.1.4.6.0027;01.1.1.3
Stylos, crayons et encres - Non classés ailleurs;09.5.4.9.1.9999;08.1.3.2
Autres fournitures scolaires et de bureau - Non classés ailleurs;09.5.4.9.2.9999;09.7.4.0
Conserves de viande - Non classés ailleurs;01.1.2.8.4.9999;01.1.2.5
Poissons et fruits de mer séchés, fumés ou salés - Non classés ailleurs;01.1.3.5.1.9999;01.1.3.2
Plats cuisinés à base de poisson ou de fruits de mer - Non classés ailleurs;01.1.3.6.2.9999;01.1.9.1
Pain - Non classés ailleurs;01.1.1.3.1.9999;01.1.1.3
Sel, épices et herbes culinaires - Non classés ailleurs;01.1.9.2.1.9999;01.1.9.3
Papier toilette rouleau compact;12.1.3.2.5.0031;13.1.2.0
Crudités prêtes à l’emploi;01.1.7.3.2.0025;01.1.9.1
Coulis, purée de tomates appertisé;01.1.7.3.1.0042;01.1.7.9
Friandise pour chien;09.3.4.2.1.0034;09.3.2.2
Sel fin;01.1.9.2.1.0001;01.1.9.3
Fruits de mer surgelés - Non classés ailleurs;01.1.3.4.1.9999;01.1.3.4
Margarine et autres graisses végétales - Non classés ailleurs;01.1.5.2.1.9999;01.1.5.3
Crevette, langoustine surgelée;01.1.3.4.1.0002;01.1.3.4
Cocktail de fruits de mer surgelé;01.1.3.4.1.0006;01.1.3.4
Produits de confiserie (hors chocolat) - Non classés ailleurs;01.1.8.4.1.9999;01.1.8.9
Pâte à tartiner chocolat noisette;01.1.8.3.2.0001;01.1.8.5
Rasoir jetable homme;12.1.3.1.1.0011;13.1.2.0
Barres de céréales standard;01.1.1.8.1.0006;01.1.1.9
Gélatine alimentaire;01.1.9.9.3.0001;01.1.9.9
Petits articles pour l'entretien du logement - Non classés ailleurs;05.6.1.2.1.9999;05.6.1.9
Papier ramette A4;09.5.4.1.1.0003;09.7.4.0
Dessert frais pâtissier (hors flan);01.1.1.4.6.0028;01.1.1.3
Tarama au rayon frais;01.1.3.6.2.0001;01.1.9.1
Céréales pour petit déjeuner - Non classés ailleurs;01.1.1.7.1.9999;01.1.1.4
Moutarde;01.1.9.1.1.0013;01.1.9.3
Dessert frais de fruits CC;01.1.6.4.1.0006;01.1.6.9
Desserts, produits pour pâtisserie et autres produits alimentaires n.c.a. - Non classés ailleurs;01.1.9.9.3.9999;01.1.9.9
Biscottes et pains durs - Non classés ailleurs;01.1.1.4.4.9999;01.1.1.3
Riz - Non classés ailleurs;01.1.1.1.1.9999;01.1.1.1
Tortilla, wrap, panadilla;01.1.1.4.6.0002;01.1.1.3
Papier dessin;09.5.4.1.1.0004;09.7.4.0
Charcut. non tranchée : andouillette;01.1.2.8.2.0006;01.1.2.5
Légume cru sous vide (hors salade);01.1.7.3.2.0026;01.1.9.1
Pain de mie;01.1.1.3.1.0001;01.1.1.3
Autres biscuits soufflés apéritif;01.1.7.5.1.0005;01.1.7.9
Viennoiserie - Non classés ailleurs;01.1.1.4.3.9999;01.1.1.3
Farines et autres céréales - Non classés ailleurs;01.1.1.2.1.9999;01.1.1.1
Pâtisserie fraîche - Non classés ailleurs;01.1.1.4.1.9999;01.1.1.3
Pâtisserie surgelée - Non classés ailleurs;01.1.1.4.2.9999;01.1.1.3
Sauce bolognaise au boeuf;01.1.9.1.1.0020;01.1.9.3
Biscuits et gâteaux - Non classés ailleurs;01.1.1.4.5.9999;01.1.1.3
Biscotte;01.1.1.4.4.0006;01.1.1.3
Pizzas, quiches et plats cuisinés à base de céréales - Non classés ailleurs;01.1.1.5.1.9999;01.1.9.1
Pâtes alimentaires et couscous - Non classés ailleurs;01.1.1.6.1.9999;01.1.1.5
Gressin;01.1.1.4.4.0009;01.1.1.3
Boeuf haché - Non classés ailleurs;01.1.2.1.3.9999;01.1.2.2
Désodorisant d’intérieur aérosol;05.6.1.1.2.0015;05.6.1.1
Autres viandes - Non classés ailleurs;01.1.2.5.1.9999;01.1.2.2
Abats comestibles - Non classés ailleurs;01.1.2.6.1.9999;01.1.2.4
Autres préparations de viandes, séchées salées ou fumées - Non classés ailleurs;01.1.2.7.4.9999;01.1.2.3
Pâté - Non classés ailleurs;01.1.2.8.1.9999;01.1.2.5
Autres préparations charcutières - Non classés ailleurs;01.1.2.8.2.9999;01.1.2.3
Plats cuisinés à base de viande - Non classés ailleurs;01.1.2.8.3.9999;01.1.9.1
Poissons surgelés - Non classés ailleurs;01.1.3.2.1.9999;01.1.3.1
Lait entier - Non classés ailleurs;01.1.4.1.1.9999;01.1.4.1
Lait longue conservation, en poudre ou concentré - Non classés ailleurs;01.1.4.3.1.9999;01.1.4.3
Yaourt - Non classés ailleurs;01.1.4.4.1.9999;01.1.4.6
Fromage frais - Non classés ailleurs;01.1.4.5.1.9999;01.1.4.5
Fromage à pâte molle et à pâte persillée - Non classés ailleurs;01.1.4.5.2.9999;01.1.4.5
Crème fraîche et autres crèmes - Non classés ailleurs;01.1.4.6.1.9999;01.1.4.3
Desserts lactés et autres produits laitiers n.c.a. - Non classés ailleurs;01.1.4.6.2.9999;01.1.4.7
Oeufs - Non classés ailleurs;01.1.4.7.1.9999;01.1.4.8
Beurre - Non classés ailleurs;01.1.5.1.1.9999;01.1.5.2
Fruits secs et fruits à coque - Non classés ailleurs;01.1.6.3.1.9999;01.1.6.7
Fruits en conserve et autres produits à base de fruits n.c.a. - Non classés ailleurs;01.1.6.4.1.9999;01.1.6.9
Légumes frais, hors pommes de terre et autres tubercules - Non classés ailleurs;01.1.7.1.1.9999;01.1.7.1
Légumes surgelés, sauf pommes de terre et autres tubercules - Non classés ailleurs;01.1.7.2.1.9999;01.1.7.8
Autres plats cuisinés à base de légumes - Non classés ailleurs;01.1.7.3.2.9999;01.1.9.1
Pommes de terre transformées (hors chips) - Non classés ailleurs;01.1.7.4.2.9999;01.1.7.9
Brie pasteurisé;01.1.4.5.2.0013;01.1.4.5
Sauce Pesto;01.1.9.1.1.0021;01.1.9.3
Crèmes glacées et sorbets - Non classés ailleurs;01.1.8.5.1.9999;01.1.8.6
Succédané de sucre (sucrettes) - Non classés ailleurs;01.1.8.6.1.9999;01.1.8.2
Pain grillé;01.1.1.4.4.0007;01.1.1.3
Vinaigre;01.1.9.1.1.0015;01.1.9.3
Plats cuisinés n.c.a. - Non classés ailleurs;01.1.9.4.1.9999;01.1.9.1
Cracker;01.1.1.4.4.0013;01.1.1.3
Potages préparés - Non classés ailleurs;01.1.9.9.2.9999;01.1.9.1
Café en grains ou moulu - Non classés ailleurs;01.2.1.1.1.9999;01.2.2.0
Café soluble et succédané de café - Non classés ailleurs;01.2.1.1.2.9999;01.2.2.0
Thés et infusions - Non classés ailleurs;01.2.1.2.1.9999;01.2.3.0
Cacao et chocolat en poudre - Non classés ailleurs;01.2.1.3.1.9999;01.1.8.5
Eaux minérales ou de source - Non classés ailleurs;01.2.2.1.1.9999;01.2.5.0
Boissons rafraîchissantes - Non classés ailleurs;01.2.2.2.1.9999;01.2.1.0
Jus de fruits et de légumes - Non classés ailleurs;01.2.2.3.1.9999;01.1.4.4
Sirops et concentrés - Non classés ailleurs;01.2.2.3.2.9999;01.2.9.0
Apéritifs anisés à base d'alcool - Non classés ailleurs;02.1.1.1.1.9999;02.1.1.0
Whisky - Non classés ailleurs;02.1.1.1.2.9999;02.1.1.0
Eaux de vie autres que le whisky - Non classés ailleurs;02.1.1.1.3.9999;02.1.1.0
Liqueurs et autres spiritueux n.c.a. - Non classés ailleurs;02.1.1.1.4.9999;02.1.1.0
Vins supérieurs - Non classés ailleurs;02.1.2.1.2.9999;02.1.2.1
Champagne et mousseux - Non classés ailleurs;02.1.2.1.3.9999;02.1.2.1
Boissons fermentées à base d'autres fruits - Non classés ailleurs;02.1.2.2.2.9999;02.1.2.2
Vins enrichis en alcool - Non classés ailleurs;02.1.2.3.1.9999;02.1.2.1
Apéritifs à base de vin - Non classés ailleurs;02.1.2.4.1.9999;02.1.2.1
Hydrocarbures liquéfiés (butane, propane, etc.) - Non classés ailleurs;04.5.2.2.1.9999;04.5.2.2
Autres combustibles solides - Non classés ailleurs;04.5.4.9.1.9999;04.5.4.2
Ustensiles et articles de cuisine non électriques - Non classés ailleurs;05.4.0.3.1.9999;05.4.0.3
Piles - Non classés ailleurs;05.5.2.2.1.9999;05.5.2.2
Lampes et autres accessoires de petit outillage n.c.a. - Non classés ailleurs;05.5.2.2.2.9999;05.5.2.2
Savons de ménage et détergents - Non classés ailleurs;05.6.1.1.1.9999;05.6.1.1
Autres produits d'entretien de la maison n.c.a. - Non classés ailleurs;05.6.1.1.2.9999;05.6.1.1
Produits pharmaceutiques - Non classés ailleurs;06.1.1.0.1.9999;06.1.1.1
Tests de grossesse et dispositifs contraceptifs mécaniques - Non classés ailleurs;06.1.2.1.1.9999;06.1.2.1
Autres produits médicaux n.c.a. - Non classés ailleurs;06.1.2.9.1.9999;06.1.2.1
Autres appareils et matériels thérapeutiques - Non classés ailleurs;06.1.3.9.1.9999;06.1.3.3
Pièces de rechange pour véhicules personnels - Non classés ailleurs;07.2.1.2.1.9999;07.2.1.2
Supports d'enregistrement vierges - Non classés ailleurs;09.1.4.2.1.9999;08.1.5.0
Produits pour animaux domestiques - Non classés ailleurs;09.3.4.2.1.9999;09.3.2.2
Articles en papier - Non classés ailleurs;09.5.4.1.1.9999;09.7.4.0
Croûton;01.1.1.4.4.0004;01.1.1.3
Appareils électriques pour soins corporels - Non classés ailleurs;12.1.2.1.1.9999;13.1.1.1
Coulommiers pasteurisé;01.1.4.5.2.0014;01.1.4.5
Parfums et eaux de toilette - Non classés ailleurs;12.1.3.2.1.9999;13.1.2.0
Produits de maquillage et de soin de la peau - Non classés ailleurs;12.1.3.2.2.9999;13.1.2.0
Savons, dentifrices et produits de toilette - Non classés ailleurs;12.1.3.2.3.9999;13.1.2.0
Shampooings et produits capillaires divers - Non classés ailleurs;12.1.3.2.4.9999;13.1.2.0
Articles d'hygiène à base de papier ou de coton - Non classés ailleurs;12.1.3.2.5.9999;06.1.3.3
Autres effets personnels n.c.a. - Non classés ailleurs;12.3.2.9.1.9999;08.1.9.2
Gâteau ou tarte surgelés à partager;01.1.1.4.2.0001;01.1.1.3
Pâtisserie individuelle surgelée;01.1.1.4.2.0002;01.1.1.3
Pâtes  brisées;01.1.1.8.1.0007;01.1.1.9
Pâtes feuilletées;01.1.1.8.1.0008;01.1.1.9
Pâtisserie industrielle individuelle;01.1.1.4.6.0007;01.1.1.3
Pâtes à pizza;01.1.1.8.1.0010;01.1.1.9
Cookies;01.1.1.4.5.0001;01.1.1.3
Crème dessert fraîche;01.1.4.6.2.0001;01.1.4.7
Dessert Liégeois frais;01.1.4.6.2.0003;01.1.4.7
Mousse fraîche;01.1.4.6.2.0004;01.1.4.7
Conserve d’asperges;01.1.7.3.1.0031;01.1.7.9
Lait de croissance en poudre;01.1.9.3.1.0004;01.1.9.2
Beaujolais, AOC non primeur;02.1.2.1.2.0003;02.1.2.1
Charcut. non tranchée : boudin blanc;01.1.2.8.2.0007;01.1.2.5
Pâtisserie industrielle à partager;01.1.1.4.6.0014;01.1.1.3
Sauce tomate sans viande;01.1.9.1.1.0022;01.1.9.3
Poire au sirop en boîte;01.1.6.4.1.0001;01.1.6.9
Petit pain suédois;01.1.1.4.4.0008;01.1.1.3
Tartine craquante;01.1.1.4.4.0011;01.1.1.3
Beurre demi-sel;01.1.5.1.1.0002;01.1.5.2
Mélange de fruits au sirop, en boite;01.1.6.4.1.0003;01.1.6.9
Raisins secs;01.1.6.3.1.0001;01.1.6.7
Farine de blé multiusage;01.1.1.2.1.0001;01.1.1.2
Farine pour pain et brioche;01.1.1.2.1.0002;01.1.1.2
Carré et disque de coton;12.1.3.2.5.0005;13.1.2.0
Charcut. non tranchée : boudin noir;01.1.2.8.2.0008;01.1.2.5
Décor pâtissier en chocolat;01.1.9.9.3.0003;01.1.9.9
Roquefort;01.1.4.5.2.0015;01.1.4.5
Petits articles de quincaillerie et de couture - Non classés ailleurs;05.6.1.2.2.9999;05.6.1.9
Produit pour pâtisserie : arôme;01.1.9.9.3.0007;01.1.9.9
Rasoir électrique;12.1.2.1.1.0001;13.1.1.1
Tondeuse à cheveux;12.1.2.1.1.0002;13.1.1.1
Tondeuse à barbe;12.1.2.1.1.0003;13.1.1.1
Pâtes nature;01.1.1.6.1.0017;01.1.1.5
Chocolats sans alcool;01.1.8.3.2.0004;01.1.8.5
Poivre en grains;01.1.9.2.1.0011;01.1.9.4
Céréales prêtes à consommer au blé;01.1.1.7.1.0003;01.1.1.4
Céréales prêtes à consommer au muesli;01.1.1.7.1.0004;01.1.1.4
Céréales prêtes à consommer au maïs;01.1.1.7.1.0006;01.1.1.4
Anti-calcaire lave-linge;05.6.1.1.2.0018;05.6.1.1
Biscuit sec diététique;01.1.9.9.1.0014;01.1.9.9
Etuis de mouchoirs jetables;12.1.3.2.5.0009;13.1.2.0
Multi Céréales prêtes à consommer;01.1.1.7.1.0005;01.1.1.4
Bière aromatisée en pack;02.1.3.1.1.0003;02.1.3.0
Pêche au sirop en boîte;01.1.6.4.1.0002;01.1.6.9
Pruneaux;01.1.6.3.1.0003;01.1.6.7
Jambon cru non tranché;01.1.2.7.1.0007;01.1.2.3
Tampon;12.1.3.2.5.0020;13.1.2.0
Couches- culottes : taille1 à 3;12.1.3.2.5.0010;13.1.2.0
Margarine;01.1.5.2.1.0002;01.1.5.3
Amande  effilée/émondée;01.1.6.3.1.0013;01.1.6.7
Ananas au sirop, en boite;01.1.6.4.1.0005;01.1.6.9
Abricot sec;01.1.6.3.1.0005;01.1.6.7
Boîtes de mouchoirs jetables;12.1.3.2.5.0008;13.1.2.0
Beurre tartinable;01.1.5.1.1.0001;01.1.5.2
Biscuit sec non diététique;01.1.1.4.5.0016;01.1.1.3
Serviette périodique;12.1.3.2.5.0017;13.1.2.0
Bleu ou fourme;01.1.4.5.2.0016;01.1.4.5
Lait concentré;01.1.4.3.1.0001;01.1.4.3
Lait en poudre;01.1.4.3.1.0002;01.1.4.3
Couches- culottes : taille 4 et 4+;12.1.3.2.5.0013;13.1.2.0
Protège-slip;12.1.3.2.5.0016;13.1.2.0
Papier toilette 2 épaisseurs rouleau;12.1.3.2.5.0022;13.1.2.0
Beurre doux;01.1.5.1.1.0003;01.1.5.2
Levure chimique en poudre;01.1.9.9.3.0009;01.1.9.9
Riz précuit;01.1.1.1.1.0002;01.1.1.1
Riz basmati non précuit;01.1.1.1.1.0003;01.1.1.1
Riz blanc non précuit;01.1.1.1.1.0004;01.1.1.1
Kit de coloriage;09.5.4.9.1.0024;09.7.4.0
Papier toilette 3 épais ou +, rouleau;12.1.3.2.5.0023;13.1.2.0
Autres oeufs;01.1.4.7.1.0003;01.1.4.8
Conserve de champignons de Paris;01.1.7.3.1.0004;01.1.7.9
Saucisson sec;01.1.2.7.2.0001;01.1.2.5
Saucisse sèche;01.1.2.7.2.0002;01.1.2.5
Chorizo;01.1.2.7.2.0003;01.1.2.5
Fuet;01.1.2.7.2.0004;01.1.2.5
Gant de bricolage ou jardinage;03.1.3.1.1.0001;03.1.3.1
Cerneaux de noix;01.1.6.3.1.0014;01.1.6.7
Mayonnaise classique;01.1.9.1.1.0025;01.1.9.3
Herbes de provence;01.1.9.2.1.0005;01.1.9.4
Ail;01.1.9.2.1.0006;01.1.9.4
Persil;01.1.9.2.1.0007;01.1.9.4
Curry;01.1.9.2.1.0008;01.1.9.4
Piments;01.1.9.2.1.0009;01.1.9.4
Poivre moulu;01.1.9.2.1.0012;01.1.9.4
Autres graisses animales alimentaires - Non classés ailleurs;01.1.5.5.1.9999;01.1.5.9
Chips en sachet natures;01.1.7.5.1.0001;01.1.7.9
Chips en sachet aromatisées;01.1.7.5.1.0002;01.1.7.9
Poitrine fraîche;01.1.2.7.4.0008;01.1.2.3
Savon de toilette;12.1.3.2.3.0001;13.1.2.0
Édulcorant de synthèse;01.1.8.6.1.0001;01.1.8.2
Édulcorant naturel;01.1.8.6.1.0002;01.1.8.2
Conserves de flageolets verts nature;01.1.7.3.1.0011;01.1.7.6
Conserve de petits pois;01.1.7.3.1.0012;01.1.7.6
Conserve de maïs en grains;01.1.7.3.1.0017;01.1.7.9
Conserve de haricots verts;01.1.7.3.1.0018;01.1.7.6
Savon liquide en flacon pompe;12.1.3.2.3.0003;13.1.2.0
Articles de voyage - Non classés ailleurs;12.3.2.1.1.9999;13.2.9.1
Conserve d’artichauts;01.1.7.3.1.0021;01.1.7.9
Conserve de cœur de palmier;01.1.7.3.1.0022;01.1.7.9
Lentilles (légumes secs);01.1.7.3.1.0025;01.1.7.6
Framboises surgelées;01.1.6.2.1.0001;01.1.6.6
Fromage fondu entier à tartiner;01.1.4.5.5.0001;01.1.4.5
Eau de parfum pour femme;12.1.3.2.1.0006;13.1.2.0
Fromage fondu en portions à tartiner;01.1.4.5.5.0002;01.1.4.5
Amande pour apéritif;01.1.6.3.1.0017;01.1.6.7
Fromage fondu pour apéritif;01.1.4.5.5.0003;01.1.4.5
Lardons frais;01.1.2.7.4.0001;01.1.2.3
Jambon cru tranché;01.1.2.7.1.0001;01.1.2.3
Pizza surgelée;01.1.1.5.1.0006;01.1.9.1
Bouchée apéritif fraîche;01.1.1.5.1.0029;01.1.9.1
Jambon de porc avec couenne;01.1.2.7.1.0008;01.1.2.3
Oeuf surprise en chocolat sans jouet;01.1.8.3.2.0006;01.1.8.5
Crème fraîche épaisse, légère en pot;01.1.4.6.1.0002;01.1.4.3
Crème fraîche épaisse, entière en pot;01.1.4.6.1.0003;01.1.4.3
Crème chantilly, en bombe;01.1.4.6.1.0004;01.1.4.3
Entremet et flan frais;01.1.4.6.2.0008;01.1.4.7
Conserve de lentilles cuisinées;01.1.7.3.2.0002;01.1.9.1
Pâtes fraîches fourrées;01.1.1.6.1.0006;01.1.1.5
Pâtes fraîches simples;01.1.1.6.1.0007;01.1.1.5
Crème UHT en brique/bouteille;01.1.4.6.1.0001;01.1.4.3
Liquide vaisselle main;05.6.1.1.1.0017;05.6.1.1
Pansements pour verrue, ampoule, cor;06.1.2.9.1.0008;06.1.2.1
Produit après rasage;12.1.3.2.1.0001;13.1.2.0
Gel/mousse à raser pour homme;12.1.3.2.3.0016;13.1.2.0
Pizzas fraîches;01.1.1.5.1.0019;01.1.9.1
Pansements, prédécoupés;06.1.2.9.1.0001;06.1.2.1
Pansements en bande;06.1.2.9.1.0002;06.1.2.1
Sparadrap;06.1.2.9.1.0003;06.1.2.1
Laque pour cheveux;12.1.3.2.4.0001;13.1.2.0
Dentifrice en tube pour adulte;12.1.3.2.3.0011;13.1.2.0
Bain de bouche;12.1.3.2.3.0013;13.1.2.0
Brosse à dents adulte;12.1.3.1.1.0006;13.1.2.0
Produits pour incontinence;12.1.3.2.5.0025;06.1.3.3
Préservatifs;06.1.2.1.1.0001;06.1.2.1
Déodorants pour femme;12.1.3.2.3.0007;13.1.2.0
Déodorants pour homme;12.1.3.2.3.0009;13.1.2.0
Filets de Maquereaux en boite;01.1.3.6.1.0005;01.1.3.3
Sardines en boîte;01.1.3.6.1.0006;01.1.3.3
Apéritif anisé avec alcool;02.1.1.1.1.0001;02.1.1.0
Boîte de thon au naturel;01.1.3.6.1.0012;01.1.3.3
Pané ou beignet de poisson surgelé;01.1.3.2.1.0001;01.1.3.1
Crème de soin visage femme;12.1.3.2.2.0031;13.1.2.0
Pain d’épices;01.1.1.4.6.0021;01.1.1.3
Conserve de macédoine de légumes;01.1.7.3.1.0033;01.1.7.9
Conserve de petits pois carottes;01.1.7.3.1.0035;01.1.7.9
Conserve de rillettes;01.1.2.8.4.0005;01.1.2.5
Désodorisant intérieur bougie;05.6.1.1.2.0028;05.6.1.1
Gel douche;12.1.3.2.3.0018;13.1.2.0
Huile synthétique moteur essence;07.2.2.4.1.0001;07.2.2.4
Briquet jetable;12.3.2.9.1.0001;13.2.9.1
Eau de toilette pour femme;12.1.3.2.1.0007;13.1.2.0
Eau de toilette pour homme;12.1.3.2.1.0008;13.1.2.0
Démaquillant pour visage;12.1.3.2.2.0012;13.1.2.0
Huile synthétique moteur diesel;07.2.2.4.1.0004;07.2.2.4
Compresse stérile;06.1.2.9.1.0006;06.1.2.1
Eau de Cologne;12.1.3.2.1.0010;13.1.2.0
Test de grossesse;06.1.2.1.1.0002;06.1.2.1
Conserve de ratatouille;01.1.7.3.2.0001;01.1.9.1
Huile d'olive extra vierge aromatisée;01.1.5.3.1.0002;01.1.5.1
Huile d'olive  bouteille plastique;01.1.5.3.1.0003;01.1.5.1
Sucre de betterave en poudre;01.1.8.1.1.0001;01.1.8.1
Sucre de betterave en morceau;01.1.8.1.1.0002;01.1.8.1
Huile d'olive extra vierge nature;01.1.5.3.1.0001;01.1.5.1
Huile semi-synthétique, moteur diesel;07.2.2.4.1.0005;07.2.2.4
Sucre de canne;01.1.8.1.1.0004;01.1.8.1
Yaourt de chèvre ou de brebis;01.1.4.4.1.0001;01.1.4.6
Yaourt au soja;01.1.4.4.1.0002;01.1.4.6
Yaourt nature;01.1.4.4.1.0003;01.1.4.6
Yaourt aromatisé;01.1.4.4.1.0004;01.1.4.6
Yaourt aux fruits au lait entier;01.1.4.4.1.0005;01.1.4.6
Yaourt à boire;01.1.4.4.1.0007;01.1.4.6
Café dosette souple;01.2.1.1.1.0002;01.2.2.0
Café dosette – autre capsule;01.2.1.1.1.0003;01.2.2.0
Café moulu arabica pur;01.2.1.1.1.0004;01.2.2.0
Café moulu mélange et robusta;01.2.1.1.1.0005;01.2.2.0
Sucre pour confiture;01.1.8.1.1.0003;01.1.8.1
Eau plate parfumée;01.2.2.1.1.0003;01.2.5.0
COMPOTES EN POT;01.1.8.2.1.0002;01.1.8.3
Eau plate de source nature;01.2.2.1.1.0001;01.2.5.0
Eau plate minérale nature;01.2.2.1.1.0002;01.2.5.0
Café soluble avec caféine arabica;01.2.1.1.2.0004;01.2.2.0
Café soluble avec caféine robusta;01.2.1.1.2.0005;01.2.2.0
Miel;01.1.8.2.1.0005;01.1.8.3
Ketchup;01.1.9.1.1.0026;01.1.9.3
Cidre nature brut;02.1.2.2.2.0001;02.1.2.2
Cidre nature doux ou demi-sec;02.1.2.2.2.0002;02.1.2.2
Cidre nature rosé;02.1.2.2.2.0003;02.1.2.2
Cidre aromatisé;02.1.2.2.2.0004;02.1.2.2
Café soluble décaféiné;01.2.1.1.2.0006;01.2.2.0
Yaourt aux fruits, écrémé/demi-écrémé;01.1.4.4.1.0006;01.1.4.6
Compote fraîche en pot;01.1.8.2.1.0006;01.1.8.3
Compotes nomades;01.1.8.2.1.0004;01.1.8.3
Chocolat nature noir;01.1.8.3.1.0001;01.1.8.5
Chocolat nature au lait;01.1.8.3.1.0002;01.1.8.5
Chocolat au lait avec ingrédient;01.1.8.3.1.0004;01.1.8.5
Chocolat noir avec ingrédient;01.1.8.3.1.0005;01.1.8.5
Chocolat fourré;01.1.8.3.1.0006;01.1.8.5
Chocolat à cuire;01.1.8.3.1.0007;01.1.8.5
Autres supports d'enregistrement - Non classés ailleurs;09.1.4.9.1.9999;08.1.5.0
Goûters diététiques;01.1.9.9.1.0005;01.1.9.9
Charcuterie en tranche, bacon;01.1.2.7.4.0005;01.1.2.3
Petits pois surgelés non cuisinés;01.1.7.2.1.0003;01.1.7.8
Epinards surgelés non cuisinés;01.1.7.2.1.0004;01.1.7.8
Champignons surgelés non cuisinés;01.1.7.2.1.0005;01.1.7.8
Poêlée de légumes cuisinée surgelée;01.1.7.3.2.0008;01.1.9.1
Epinards à la crème surgelés;01.1.7.3.2.0009;01.1.9.1
Brosse à dents électrique;12.1.2.1.1.0004;13.1.1.1
Chicorée soluble;01.2.1.1.2.0008;01.2.2.0
Cappuccino soluble;01.2.1.1.2.0009;01.2.2.0
Charbon de bois;04.5.4.9.1.0001;04.5.4.3
Infusion en sachet;01.2.1.2.1.0001;01.2.3.0
Mélange de légumes surg non cuisinés;01.1.7.2.1.0006;01.1.7.8
Charcuterie tranche, assortiment;01.1.2.7.4.0006;01.1.2.3
Haricot vert/beurre surg non cuisiné;01.1.7.2.1.0001;01.1.7.8
Brocolis/chou-fleur surg. non cuisiné;01.1.7.2.1.0002;01.1.7.8
Gaufrettes fourrées;01.1.1.4.5.0005;01.1.1.3
Goûters fourrés;01.1.1.4.5.0003;01.1.1.3
Huile pour friture et salade;01.1.5.4.1.0001;01.1.5.1
Huile pour cuisson et salade;01.1.5.4.1.0002;01.1.5.1
Lait demi-écrémé ou écrémé - Non classés ailleurs;01.1.4.2.1.9999;01.1.4.2
Truite fumée;01.1.3.5.1.0005;01.1.3.2
Boisson lactée choco/vanille/fraise;01.1.4.6.2.0009;01.1.4.7
Sauce Soja, Aigre douce ou Nuoc Mam;01.1.9.1.1.0028;01.1.9.3
Cacahuète pour apéritif;01.1.6.3.1.0018;01.1.6.7
Whisky 7 ans d’âge ou plus;02.1.1.1.2.0001;02.1.1.0
Whisky sans âge ou de moins de 6 ans;02.1.1.1.2.0002;02.1.1.0
Sodas au cola standard en bouteille;01.2.2.2.1.0004;01.2.6.0
Sodas au cola standard en canette;01.2.2.2.1.0005;01.2.6.0
Cacao non sucré, en poudre;01.2.1.3.1.0002;01.1.8.5
Pur jus d’orange;01.2.2.3.1.0001;01.2.1.0
Jus d’orange à base concentré;01.2.2.3.1.0002;01.2.1.0
Jus de pomme;01.2.2.3.1.0003;01.2.1.0
Nectar de fruits;01.2.2.3.1.0006;01.2.1.0
Vin blanc AOC d’Alsace;02.1.2.1.2.0001;02.1.2.1
Huile semi-synthétique moteur essence;07.2.2.4.1.0002;07.2.2.4
Bordeaux rouge AOC;02.1.2.1.2.0005;02.1.2.1
Chocolat petit déjeuner instantané;01.2.1.3.1.0003;01.1.8.5
Lessive poudre lave-linge standard;05.6.1.1.1.0004;05.6.1.1
Lessive capsule lave-linge concentré;05.6.1.1.1.0003;05.6.1.1
Sodas au cola light en canette;01.2.2.2.1.0007;01.2.6.0
Sodas au cola light en bouteille;01.2.2.2.1.0006;01.2.6.0
Biscuits nappés non fourrés;01.1.1.4.5.0008;01.1.1.3
Bourgogne blanc AOC;02.1.2.1.2.0012;02.1.2.1
Bourgogne rouge AOC;02.1.2.1.2.0014;02.1.2.1
Côte du Rhône rouge AOC;02.1.2.1.2.0015;02.1.2.1
Languedoc Roussillon AOC rouge;02.1.2.1.2.0019;02.1.2.1
Vin de Loire et Centre AOC blanc;02.1.2.1.2.0022;02.1.2.1
Vin de Loire et Centre AOC rouge;02.1.2.1.2.0023;02.1.2.1
Vin de Loire et Centre AOC rosé;02.1.2.1.2.0024;02.1.2.1
Vin  de Provence et Corse rosé AOC;02.1.2.1.2.0028;02.1.2.1
Vin AOC Sud Ouest rouge;02.1.2.1.2.0032;02.1.2.1
Champagne brut blanc sans millésime;02.1.2.1.3.0001;02.1.2.1
Champagne brut blanc avec millésime;02.1.2.1.3.0003;02.1.2.1
Champagne brut rose sans millésime;02.1.2.1.3.0004;02.1.2.1
Mousseux et crémants bruts blancs;02.1.2.1.3.0005;02.1.2.1
Mousseux et crémants demi-secs blancs;02.1.2.1.3.0006;02.1.2.1
Biscuits fourrés;01.1.1.4.5.0009;01.1.1.3
Biscuits simples;01.1.1.4.5.0011;01.1.1.3
Biscuits pour petit déjeuner;01.1.1.4.5.0012;01.1.1.3
Biscuits diététiques;01.1.9.9.1.0007;01.1.9.9
Fromage type Saint-Agur;01.1.4.5.2.0012;01.1.4.5
Pile bâton type HR03 rechargeable;05.5.2.2.1.0004;05.5.2.2
Pile bouton CR 2032;05.5.2.2.1.0006;05.5.2.2
Pile alcaline LR06 non rechargeable;05.5.2.2.1.0002;05.5.2.2
Pile alcaline LR20 non rechargeable;05.5.2.2.1.0003;05.5.2.2
Noix de cajou pour apéritif;01.1.6.3.1.0019;01.1.6.7
Fromage rapé d’Emmental, Gruyère;01.1.4.5.3.0002;01.1.4.5
Rouleaux essuie-tout std, 2 épaisseur;05.6.1.2.1.0001;05.6.1.9
Snack/feuilleté apéritif surgelé;01.1.1.5.1.0036;01.1.9.1
Croquettes pour chiens;09.3.4.2.1.0003;09.3.2.2
Dessert bébé 4-6 mois;01.1.9.3.1.0008;01.1.9.2
Pâté pour chien en boite/barquette;09.3.4.2.1.0001;09.3.2.2
Fromage rapé de type Parmesan;01.1.4.5.3.0003;01.1.4.5
Rouleaux essuie-tout std, 3 épaisseur;05.6.1.2.1.0002;05.6.1.9
Déboucheur ou nettoyant canalisation;05.6.1.1.2.0001;05.6.1.1
Pistache pour apéritif;01.1.6.3.1.0020;01.1.6.7
Thé noir en sachet;01.2.1.2.1.0003;01.2.3.0
Thé noir en vrac;01.2.1.2.1.0004;01.2.3.0
Thé vert en sachet;01.2.1.2.1.0005;01.2.3.0
Thé vert en vrac;01.2.1.2.1.0006;01.2.3.0
Blé précuit;01.1.1.2.1.0003;01.1.1.1
Casserole tous feux et induction;05.4.0.3.1.0003;05.4.0.3
Plat bébé 4-6 mois;01.1.9.3.1.0009;01.1.9.2
Produit WC bloc;05.6.1.1.2.0010;05.6.1.1
Accessoires pour véhicules personnels - Non classés ailleurs;07.2.1.3.1.9999;07.2.1.3
Nettoyant plastique automobile;07.2.1.3.1.0003;07.2.1.3
Lait entier;01.1.4.1.1.0001;01.1.4.1
Lait demi-écrémé;01.1.4.2.1.0001;01.1.4.2
Lait écrémé;01.1.4.2.1.0002;01.1.4.2
Lait de croissance;01.1.9.3.1.0007;01.1.9.2
Gin;02.1.1.1.3.0001;02.1.1.0
Litière pour chat;09.3.4.2.1.0025;09.3.2.2
Croquettes pour chats;09.3.4.2.1.0026;09.3.2.2
Casserole tous feux hors induction;05.4.0.3.1.0005;05.4.0.3
Poêle tous feux et induction;05.4.0.3.1.0011;05.4.0.3
Poêle tous feux hors induction;05.4.0.3.1.0012;05.4.0.3
Ampoule à luminescence à petite vis;05.5.2.2.2.0002;05.5.2.2
Ampoule à luminescence GU10;05.5.2.2.2.0004;05.5.2.2
Préparation pour dessert : Flan;01.1.9.9.3.0013;01.1.9.9
Lait frais pasteurisé entier;01.1.4.1.1.0002;01.1.4.1
Lait frais aromatisé;01.1.4.6.2.0011;01.1.4.7
Potage, lait légume bébé;01.1.9.3.1.0014;01.1.9.2
Lingettes dépoussiérantes;05.6.1.1.2.0007;05.6.1.1
Lingettes nettoyantes;05.6.1.1.2.0008;05.6.1.1
Plat bébé 12-15 mois;01.1.9.3.1.0010;01.1.9.2
Produit WC, gel ou liquide;05.6.1.1.2.0009;05.6.1.1
Ampoule à luminescence à baïonnette;05.5.2.2.2.0001;05.5.2.2
Ampoule à luminescence à grande vis;05.5.2.2.2.0003;05.5.2.2
Parfum automobile non rechargeable;07.2.1.3.1.0004;07.2.1.3
Confiture : 50 % de fruits minimum;01.1.8.2.1.0014;01.1.8.3
Céréale déshydratée bébé;01.1.9.3.1.0015;01.1.9.2
Céréales d’accomp. cuisinées;01.1.9.4.1.0001;01.1.9.1
Shampooing adulte;12.1.3.2.4.0003;13.1.2.0
Chewing-gum sans sucre;01.1.8.4.1.0006;01.1.8.9
Pâtés pour chat en sachet;09.3.4.2.1.0030;09.3.2.2
Crème glacée en bac;01.1.8.5.1.0001;01.1.8.6
Glace bâton individuelle à la crème;01.1.8.5.1.0003;01.1.8.6
Glace, cône à la crème;01.1.8.5.1.0004;01.1.8.6
Glace individuelle : petit pot;01.1.8.5.1.0005;01.1.8.6
Glace individuelle : barre;01.1.8.5.1.0006;01.1.8.6
Préparation pour fondant et moelleux;01.1.9.9.3.0015;01.1.9.9
Préparation pour brownie ou cookies;01.1.9.9.3.0014;01.1.9.9
Pâté pour chat en boite/barquette;09.3.4.2.1.0028;09.3.2.2
Plat déshydraté de nouilles ou pâtes;01.1.1.6.1.0015;01.1.9.1
Frites surgelées;01.1.7.4.2.0001;01.1.7.9
Pommes de terre noisette surgelées;01.1.7.4.2.0002;01.1.7.9
Pommes de terre rissolées surgelées;01.1.7.4.2.0003;01.1.7.9
Nettoyant cuisine et salle de bain;05.6.1.1.2.0020;05.6.1.1
Fromage blanc nature 0 % mg;01.1.4.5.1.0001;01.1.4.5
Fromage blanc nature 20-40 % mg;01.1.4.5.1.0002;01.1.4.5
Fromage frais, de spécialité;01.1.4.5.1.0003;01.1.4.5
Fromage frais nature type Suisse;01.1.4.5.1.0004;01.1.4.5
Fromage frais parfumé type Suisse;01.1.4.5.1.0005;01.1.4.5
Saucisse cocktail au rayon frais;01.1.2.7.3.0003;01.1.2.5
Jambon de porc découenné;01.1.2.7.1.0003;01.1.2.3
Quiche/tarte salée surgelée;01.1.1.5.1.0031;01.1.9.1
Jambon de volaille;01.1.2.8.2.0001;01.1.2.3
Mélange fruits  secs pour apéritif;01.1.6.3.1.0021;01.1.6.7
Tuiles salées pour apéritif, en tube;01.1.7.5.1.0003;01.1.7.9
Camembert pasteurisé;01.1.4.5.2.0003;01.1.4.5
Tortillas pour apéritif, en sachet;01.1.7.5.1.0004;01.1.7.9
Plat bébé 18-24 mois;01.1.9.3.1.0011;01.1.9.2
Bâton(s) de colle papeterie;09.5.4.9.2.0004;09.7.4.0
Colle bricolage tt usage gel/liquide;05.6.1.2.2.0002;05.6.1.9
Shampooing 2 en 1 ou 3 en 1;12.1.3.2.4.0004;13.1.2.0
Lot d'écriture;09.5.4.9.1.0025;09.7.4.0
Recharge de rasoir homme, pivotant;12.1.3.1.1.0015;13.1.2.0
Galette/crêpe sal. four. frais;01.1.1.5.1.0034;01.1.9.1
Bière sans alcool;02.1.3.3.1.0001;02.1.3.0
Panaché;02.1.3.4.1.0001;02.1.3.0
Bière blonde légère en pack;02.1.3.1.1.0001;02.1.3.0
Bière blanche en pack;02.1.3.1.1.0002;02.1.3.0
Bière blonde légère à l’unité;02.1.3.1.1.0004;02.1.3.0
Bière blonde forte en pack;02.1.3.2.1.0001;02.1.3.0
Bière blonde forte à l’unité;02.1.3.2.1.0002;02.1.3.0
Sirop de grenadine;01.2.2.3.2.0001;01.2.9.0
Sirop de menthe;01.2.2.3.2.0002;01.2.9.0
Sirop de fraise;01.2.2.3.2.0003;01.2.9.0
Sirop citron;01.2.2.3.2.0004;01.2.9.0
Autres sirops de fruits;01.2.2.3.2.0005;01.2.9.0
Sucre vanille, en poudre;01.1.8.1.1.0006;01.1.8.1
Gousse de vanille;01.1.9.9.3.0016;01.1.9.9
Filet ou pavé de saumon surgelé;01.1.3.2.1.0004;01.1.3.1
Filet, pavé de colin/cabillaud surg.;01.1.3.2.1.0005;01.1.3.1
Conserve de confit de canard;01.1.2.8.4.0001;01.1.2.5
Vin de pays rouge en bouteille;02.1.2.1.1.0007;02.1.2.1
Bag-in-Box de vin de pays rouge;02.1.2.1.1.0008;02.1.2.1
Vin de pays rosé en bouteille;02.1.2.1.1.0009;02.1.2.1
Bag-in-Box de vin de pays rosé;02.1.2.1.1.0010;02.1.2.1
Vin de pays blanc en bouteille;02.1.2.1.1.0011;02.1.2.1
Bag-in-Box de vin de pays blanc;02.1.2.1.1.0012;02.1.2.1
Vin étranger rouge en bouteille;02.1.2.1.1.0013;02.1.2.1
Rhum blanc agricole;02.1.1.1.3.0002;02.1.1.0
Rhum blanc traditionnel;02.1.1.1.3.0003;02.1.1.0
Vodka;02.1.1.1.3.0005;02.1.1.0
Crêpes, galettes natures, rayon frais;01.1.1.4.6.0024;01.1.1.3
Vin rouge, conso courante, bouteille;02.1.2.1.1.0001;02.1.2.1
Vin rosé conso courante, bag-in-box;02.1.2.1.1.0004;02.1.2.1
Brioche;01.1.1.4.3.0001;01.1.1.3
Vin rouge conso courante, bax-in-box;02.1.2.1.1.0002;02.1.2.1
Sushi au rayon frais;01.1.3.6.2.0012;01.1.9.1
Entrée exotique au rayon frais;01.1.9.4.1.0004;01.1.9.1
Entrée tartinable au rayon frais;01.1.9.4.1.0005;01.1.9.1
Entrée végétarienne au rayon frais;01.1.9.4.1.0006;01.1.9.1
Crêpe four. chocolat, épicerie sucrée;01.1.1.4.6.0025;01.1.1.3
Boisson au thé glacé en bouteille;01.2.2.2.1.0008;01.2.3.0
Boisson plate aux fruits en bouteille;01.2.2.2.1.0013;01.2.1.0
Nettoyant ménager multi-usage;05.6.1.1.2.0021;05.6.1.1
Camembert au lait cru;01.1.4.5.2.0004;01.1.4.5
"Fromage type ""Babybel""";01.1.4.5.3.0007;01.1.4.5
Complément alimentaire minceur;01.1.9.9.1.0009;01.1.9.9
Complément alimentaire beauté;01.1.9.9.1.0010;01.1.9.9
Complément alimentaire santé;01.1.9.9.1.0011;01.1.9.9
Soupe de légumes;01.1.9.9.2.0001;01.1.9.1
Soupe de poisson;01.1.9.9.2.0002;01.1.9.1
Herbes aromatiques fraîches;01.1.9.2.1.0017;01.1.9.4
Soupe déshydratée à cuire;01.1.9.9.2.0003;01.1.9.1
Soda aux fruits en canette;01.2.2.2.1.0011;01.2.6.0
Soupe déshydratée instantanée;01.1.9.9.2.0004;01.1.9.1
Produit coiffant;12.1.3.2.4.0009;13.1.2.0
Rhum ambré traditionnel;02.1.1.1.3.0011;02.1.1.0
Rhum ambré supérieur ou agricole;02.1.1.1.3.0012;02.1.1.0
Shampooing coloration permanente;12.1.3.2.4.0008;13.1.2.0
Après shampooing;12.1.3.2.4.0012;13.1.2.0
Masque capillaire avec rinçage;12.1.3.2.4.0013;13.1.2.0
Soin capillaire sans rinçage;12.1.3.2.4.0014;13.1.2.0
Soupe de légume rayon frais;01.1.9.9.2.0006;01.1.9.1
Coquil. St Jacques surgelée cuisinée;01.1.3.6.2.0004;01.1.9.1
Steak haché surgelé;01.1.2.1.3.0005;01.1.2.2
Classeur A4;09.5.4.9.2.0007;09.7.4.0
Chemise papeterie avec élastique;09.5.4.9.2.0008;09.7.4.0
Pochette perforée A4;09.5.4.9.2.0009;09.7.4.0
Porte-vue A4;09.5.4.9.2.0010;09.7.4.0
Ruban correcteur;09.5.4.9.2.0013;09.7.4.0
Pastels multicouleurs;09.5.4.9.2.0014;09.7.4.0
Conserve de pâté de campagne/porc;01.1.2.8.4.0002;01.1.2.5
Boisson à base de vin en bouteille;02.1.2.4.1.0006;02.1.2.1
Grand cahier;09.5.4.1.1.0006;09.7.4.0
Enveloppe kraft;09.5.4.1.1.0008;09.7.4.0
Enveloppe classique;09.5.4.1.1.0009;09.7.4.0
Biberon;05.4.0.3.1.0013;05.4.0.3
Adoucissant textile;05.6.1.1.1.0007;05.6.1.1
Cartouche impr encre noire monobloc;09.5.4.9.1.0008;08.1.3.2
Bordeaux rouge cru bourgeois/classé;02.1.2.1.2.0006;02.1.2.1
Conserve de pâté de foie;01.1.2.8.4.0003;01.1.2.5
Rouleaux essuie-tout compact;05.6.1.2.1.0003;05.6.1.9
Produit lavage, lave-vaisselle;05.6.1.1.1.0008;05.6.1.1
Détachant textile;05.6.1.1.1.0011;05.6.1.1
Eau de javel;05.6.1.1.1.0013;05.6.1.1
Lingette anti-décoloration lave-linge;05.6.1.1.1.0014;05.6.1.1
Pommes de terre, quartiers surgelés;01.1.7.4.2.0005;01.1.7.9
Dessert frais de riz ou semoule;01.1.4.6.2.0005;01.1.4.7
Céréales diététiques prêtes à conso;01.1.9.9.1.0002;01.1.9.9
Lait frais past. demi-écrémé/écrémé;01.1.4.2.1.0003;01.1.4.2
Bitter (Spritz et Campari);02.1.2.4.1.0004;02.1.2.1
Cartouche impr encre, séparé;09.5.4.9.1.0010;08.1.3.2
Cartouche impr multicouleur monobloc;09.5.4.9.1.0009;08.1.3.2
Éponge;05.6.1.2.1.0032;05.6.1.1
Verre jetable;05.6.1.2.1.0023;05.6.1.9
Sac poubelle;05.6.1.2.1.0030;05.6.1.9
Brosse à cheveux;12.1.3.1.1.0035;13.1.2.0
Rouleau papier aluminium;05.6.1.2.1.0011;05.6.1.9
Sac congélation;05.6.1.2.1.0012;05.6.1.9
Film alimentaire étirable;05.6.1.2.1.0013;05.6.1.9
Serviettes en papier;05.6.1.2.1.0014;05.6.1.9
Boite alimentaire plastique;05.4.0.3.1.0016;05.4.0.3
Assiettes jetables;05.6.1.2.1.0035;05.6.1.9
Crème/lait de soin corps;12.1.3.2.2.0035;13.1.2.0
Mascara;12.1.3.2.2.0017;13.1.2.0
Fond de teint;12.1.3.2.2.0026;13.1.2.0
Crème de fruits;02.1.1.1.4.0001;02.1.1.0
Liqueur de fruits;02.1.1.1.4.0002;02.1.1.0
Liqueur de plantes;02.1.1.1.4.0003;02.1.1.0
Liqueur de menthe;02.1.1.1.4.0004;02.1.1.0
Crème de whisky;02.1.1.1.4.0005;02.1.1.0
Bonbon de poche dragéifié;01.1.8.4.1.0008;01.1.8.9
Caramels;01.1.8.4.1.0009;01.1.8.9
Bonbon gélifié piquant;01.1.8.4.1.0010;01.1.8.9
Bonbon gélifié acidulé;01.1.8.4.1.0011;01.1.8.9
Bonbon gélifié, dragéifié, en sachet;01.1.8.4.1.0012;01.1.8.9
Bonbon à mâcher en sachet;01.1.8.4.1.0013;01.1.8.9
Guimauve ou marshmalllow en sachet;01.1.8.4.1.0014;01.1.8.9
Rouge et brillant à lèvres;12.1.3.2.2.0021;13.1.2.0
Barres chocolatées (snacking);01.1.8.3.2.0009;01.1.8.5
Barres chocolatées minceur;01.1.9.9.1.0013;01.1.9.9
Bouchées pralinés, hors boite;01.1.8.3.2.0002;01.1.8.5
Bonbon aux plantes;01.1.8.4.1.0016;01.1.8.9
Jus de fruits au rayon frais;01.2.2.3.1.0013;01.2.1.0
Biscuits salés;01.1.1.4.5.0014;01.1.1.3
Sucette;01.1.8.4.1.0019;01.1.8.9
Cocktail et punch;02.1.1.1.3.0014;02.1.1.0
Lessive liquide lave-linge;05.6.1.1.1.0001;05.6.1.1
Vermouth;02.1.2.4.1.0001;02.1.2.1
Autre apéritif à base de vin;02.1.2.4.1.0002;02.1.2.1
Purée de légumes, rayon frais;01.1.7.3.2.0022;01.1.9.1
Légumes d’accompagnement, rayon frais;01.1.7.3.2.0023;01.1.9.1
Porto Tawny;02.1.2.3.1.0001;02.1.2.1
Autre Porto;02.1.2.3.1.0002;02.1.2.1
Boisson de l’effort avec sucre;01.2.2.2.1.0016;01.2.9.0
Soda aux fruits en bouteille;01.2.2.2.1.0010;01.2.6.0
Amer Bière (Picon, ...);02.1.2.4.1.0005;02.1.2.1
Pineau;02.1.2.3.1.0003;02.1.2.1
Muscat;02.1.2.3.1.0004;02.1.2.1
Rivesaltes (hors muscat);02.1.2.3.1.0005;02.1.2.1
Mozarella, burrata;01.1.4.5.1.0006;01.1.4.5
Feta;01.1.4.5.1.0007;01.1.4.5
Mascarpone;01.1.4.5.1.0008;01.1.4.5
Purée déshydratée de pomme de terre;01.1.7.6.1.0001;01.1.7.9
Autres tubercules et produits issus de tubercules - Non classés ailleurs;01.1.7.6.1.9999;01.1.7.5
Fromage type « Caprice des dieux »;01.1.4.5.2.0007;01.1.4.5
Plat français base viande en boîte;01.1.2.8.3.0010;01.1.9.1
Ruban adhésif papeterie;09.5.4.9.2.0001;09.7.4.0
Bag-in-Box de boisson à base de vin;02.1.2.4.1.0007;02.1.2.1
Fruits de mer frais - Non classés ailleurs;01.1.3.3.1.9999;01.1.3.4
Allumettes, dés, rapé de jambon;01.1.2.7.1.0005;01.1.2.3
Pile alcaline LR03 non rechargeable;05.5.2.2.1.0001;05.5.2.2
Vin rosé, conso courante, bouteille;02.1.2.1.1.0003;02.1.2.1
Pile alcaline 6LR61 non rechargeable;05.5.2.2.1.0007;05.5.2.2
Anchois mariné ou en saumure;01.1.3.6.1.0011;01.1.3.3
Margarine végétale à tartiner;01.1.5.2.1.0003;01.1.5.3
Charcut. non tranchée : cervelas;01.1.2.8.2.0005;01.1.2.3
Conserve de pâté de volaille;01.1.2.8.4.0004;01.1.2.5
Charcut. non tranchée : saucisson;01.1.2.7.2.0006;01.1.2.5
Ravioli cuisiné en boite;01.1.1.6.1.0019;01.1.9.1
Kit pour plat cuisiné Tex Mex;01.1.1.8.1.0016;01.1.1.9
Plat surgelé à base de viande;01.1.2.8.3.0013;01.1.9.1
Plat  surgelé à base pâtes;01.1.1.6.1.0022;01.1.9.1
Plat surgelé à base de poisson;01.1.3.6.2.0016;01.1.9.1
Semoule;01.1.1.6.1.0025;01.1.1.5
Sandwich au rayon frais;01.1.9.4.1.0007;01.1.9.1
Croque-monsieur au rayon frais;01.1.9.4.1.0008;01.1.9.1
Plat cuisiné base viande rayon frais;01.1.2.8.3.0016;01.1.9.1
Plat cuisiné base poisson rayon frais;01.1.3.6.2.0017;01.1.9.1
Quiche/Tarte salée au rayon frais;01.1.1.5.1.0038;01.1.9.1
Plat cuisiné en BOX;01.1.9.4.1.0011;01.1.9.1
Mouton, agneau et chèvre - Non classés ailleurs;01.1.2.3.1.9999;01.1.2.2
Conserve de foie gras entier;01.1.2.8.4.0006;01.1.2.5
Conserve de bloc de foie gras;01.1.2.8.4.0007;01.1.2.5
Salade en sachet prête à l’emploi;01.1.7.3.1.0043;01.1.7.9
Saumon fumé en tranches;01.1.3.5.1.0004;01.1.3.2
Levure de boulangerie;01.1.9.9.3.0010;01.1.9.9
Salade repas;01.1.9.4.1.0003;01.1.9.1
Pain au lait industriel;01.1.1.4.3.0002;01.1.1.3
Steacks hachés industriels;01.1.2.1.3.0006;01.1.2.2
Amidon de maïs;01.1.1.2.1.0004;01.1.1.2
Conserve de thon aromatisé;01.1.3.6.2.0018;01.1.9.1
Jus de fruit au lait;01.2.2.3.1.0014;01.2.1.0
Jus multi-fruits;01.2.2.3.1.0015;01.2.1.0
Smoothie;01.2.2.3.1.0016;01.2.1.0
Mousseux et crémants doux blancs;02.1.2.1.3.0007;02.1.2.1
Mousseux et crémants extra dry blancs;02.1.2.1.3.0008;02.1.2.1
Bières aromatisées à l’unité;02.1.3.1.1.0005;02.1.3.0
Nettoyant vitres;05.6.1.1.2.0029;05.6.1.1
Vinaigre ménager;05.6.1.1.2.0030;05.6.1.1
Recharge de savon liquide;12.1.3.2.3.0019;13.1.2.0
Eau gazeuze aromatisée;01.2.2.1.1.0006;01.2.5.0
Conserve de thon à l’huile nature;01.1.3.6.2.0010;01.1.9.1
Recharge de lessive liquide lave-linge;05.6.1.1.1.0018;05.6.1.1
Pains au chocolat;01.1.1.4.3.0003;01.1.1.3
Briochettes fourrées au chocolat;01.1.1.4.3.0004;01.1.1.3
Fromage à raclette;01.1.4.5.3.0008;01.1.4.5
Fromage en tranches pour burger;01.1.4.5.5.0004;01.1.4.5
Café en grains arabica pur;01.2.1.1.1.0006;01.2.2.0
Rasoir jetable femme;12.1.3.1.1.0036;13.1.2.0
Bière blonde légère en fût;02.1.3.1.1.0006;02.1.3.0
Eau gazeuse nature;01.2.2.1.1.0005;01.2.5.0
Rhum arrangé;02.1.1.1.3.0015;02.1.1.0
Mélange de fruits rouges surgelés;01.1.6.2.1.0002;01.1.6.6
Corned beef;01.1.2.8.4.0008;01.1.2.5
Crème coloration permanente;12.1.3.2.4.0015;13.1.2.0
Skyr;01.1.4.4.1.0008;01.1.4.6
Boisson végétale à base d'amande;01.2.2.3.1.0017;01.1.4.4
Boisson végétale à base de soja;01.2.2.3.1.0018;01.1.4.4
Boisson végétale à base d'avoine;01.2.2.3.1.0019;01.1.4.4
Autres boissons végétales;01.2.2.3.1.0020;01.1.4.4
Galette de riz;01.1.1.7.1.0007;01.1.1.4
Épeautre;01.1.1.2.1.0005;01.1.1.1
Sucre allégé;01.1.8.6.1.0003;01.1.8.2
Couche pour adultes;12.1.3.2.5.0033;06.1.3.3
Viande des Grisons;01.1.2.7.4.0010;01.1.2.3
